4;511204.650;177859.119;231.997;ap
5;511121.181;177623.757;258.419;ap
7;510577.130;177796.700;244.670;ap
116;511195.744;177804.722;235.526;sp
117;511186.032;177739.626;240.119;ap
118;511155.428;177668.062;248.332;sp
119;511218.326;177673.721;250.792;ap
120;511172.863;177626.061;255.137;sp
121;511078.600;177634.260;262.089;sp
122;511061.422;177671.793;264.372;sp
123;511019.945;177693.474;266.738;sp
124;511010.952;177727.684;264.159;sp
125;510967.584;177735.728;266.394;sp
126;510926.597;177746.089;267.007;sp
127;510880.841;177793.979;262.825;sp
128;510823.171;177803.060;264.705;sp
129;510794.504;177770.488;261.121;sp
130;510768.455;177706.162;263.322;sp
131;510708.477;177716.153;262.785;sp
132;510686.207;177743.746;260.201;sp
133;510650.124;177743.210;255.998;sp
134;510582.623;177714.798;250.794;sp
135;510591.301;177750.457;248.352;sp
136;510567.433;177775.965;244.743;sp
1000;511200.469;177889.713;230.375;ut
1002;511202.195;177888.686;230.232;us
1003;511204.984;177890.004;229.996;us
1004;511198.722;177890.637;230.497;us
1005;511202.094;177885.747;230.445;us
1006;511198.892;177886.115;230.652;us
1007;511207.199;177884.485;230.013;t
1008;511193.691;177892.199;230.929;us
1009;511207.208;177885.513;229.952;us
1010;511194.061;177889.218;231.122;us
1011;511206.709;177883.947;230.142;us
1012;511188.036;177894.044;231.249;us
1013;511213.623;177881.178;229.194;us
1014;511189.880;177890.798;231.335;us
1015;511214.126;177882.860;229.056;us
1016;511198.242;177885.036;230.942;t
1017;511193.312;177885.247;231.412;k
1018;511200.189;177863.964;231.605;ut
1019;511201.421;177863.936;231.557;us
1020;511198.109;177864.128;231.668;us
1021;511197.338;177864.228;232.303;kv
1022;511205.435;177863.326;231.431;t
1023;511196.146;177864.563;232.491;k
1024;511195.349;177869.919;231.966;k
1025;511196.728;177871.566;231.768;kv
1026;511206.606;177863.803;231.079;t
1027;511191.183;177888.260;231.421;k
1028;511192.867;177864.456;232.838;k
1029;511185.952;177865.862;233.458;t
1030;511179.469;177843.834;235.340;t
1031;511193.493;177845.867;233.616;k
1032;511194.662;177845.758;233.518;kv
1033;511185.465;177843.006;234.658;t
1034;511195.995;177846.262;232.937;us
1035;511199.777;177846.221;232.794;us
1036;511198.060;177846.541;232.888;ut
1037;511201.724;177846.528;232.682;t
1038;511204.744;177847.512;232.292;t
1039;511176.657;177822.221;237.271;t
1040;511205.881;177848.045;232.101;t
1041;511184.069;177823.311;235.791;t
1042;511190.187;177823.334;235.061;k
1043;511191.605;177824.061;234.865;kv
1044;511193.171;177824.285;234.405;us
1045;511197.111;177824.020;234.244;us
1046;511195.194;177824.613;234.359;ut
1047;511192.536;177825.143;234.393;t
1048;511207.775;177863.078;230.923;t
1049;511210.190;177862.118;230.553;t
1050;511199.090;177821.914;234.169;t
1051;511193.909;177807.345;235.442;us
1052;511203.061;177821.354;233.829;t
1053;511190.783;177807.093;235.578;us
1054;511192.232;177806.965;235.594;ut
1055;511207.520;177820.697;233.182;t
1056;511190.290;177806.915;235.633;t
1057;511189.582;177806.882;236.105;kv
1058;511187.579;177806.829;236.344;k
1059;511181.310;177808.543;236.985;t
1060;511173.345;177803.972;238.393;t
1061;511199.785;177806.642;234.847;t
1062;511181.762;177785.557;237.632;t
1063;511184.775;177787.460;237.088;k
1064;511186.156;177786.759;236.795;kv
1065;511173.298;177782.246;239.547;t
1066;511186.934;177786.811;236.433;t
1067;511187.486;177786.903;236.318;us
1068;511190.956;177786.410;236.159;us
1069;511189.239;177786.680;236.262;ut
1070;511192.978;177785.974;235.923;t
1071;511208.867;177810.167;233.263;t
1072;511195.538;177785.479;235.460;t
1073;511199.591;177790.213;234.432;af
1074;511202.443;177794.152;233.941;af
1075;511204.910;177797.285;233.289;af
1076;511204.840;177792.907;234.512;t
1077;511197.809;177786.661;234.917;af
1078;511200.733;177785.604;235.535;t
1079;511188.798;177771.238;237.227;us
1080;511185.833;177771.483;237.385;us
1081;511187.081;177771.153;237.377;ut
1082;511184.580;177769.059;237.729;t
1083;511183.916;177769.059;238.017;kv
1084;511181.751;177768.834;238.623;k
1085;511180.253;177772.215;238.723;t
1086;511193.328;177767.078;237.435;t
1087;511198.786;177766.265;237.467;t
1088;511169.938;177774.005;240.666;t
1089;511182.016;177748.772;239.407;us
1090;511185.206;177748.013;239.287;us
1091;511183.671;177748.309;239.395;ut
1092;511181.315;177748.706;239.457;t
1093;511165.096;177757.606;242.543;t
1094;511179.845;177749.041;240.355;kv
1095;511160.470;177732.294;244.273;t
1096;511179.026;177749.296;240.482;k
1097;511172.060;177727.562;242.505;t
1098;511187.140;177747.021;239.077;t
1099;511176.522;177744.005;241.105;t
1100;511190.007;177744.062;239.014;af
1101;511188.122;177752.636;238.597;t
1102;511193.817;177756.114;238.145;t
1103;511192.124;177751.844;238.459;t
1104;511193.441;177747.278;239.094;t
1105;511200.962;177739.970;240.606;t
1106;511182.042;177730.161;241.179;us
1107;511178.869;177730.975;241.235;us
1108;511180.306;177730.801;241.253;ut
1109;511178.147;177731.070;241.299;t
1110;511194.365;177722.561;242.536;t
1111;511177.548;177731.140;241.426;kv
1112;511189.968;177725.548;241.696;t
1113;511176.074;177731.873;241.795;k
1114;511185.497;177728.053;241.540;t
1115;511173.589;177716.860;242.988;k
1116;511178.410;177715.056;242.847;us
1117;511175.370;177716.745;242.767;us
1118;511174.243;177714.414;243.063;us
1119;511174.695;177717.390;242.880;t
1120;511173.029;177711.431;243.251;us
1121;511177.290;177712.297;243.084;us
1122;511167.398;177711.845;243.835;us
1123;511177.916;177714.797;242.896;us
1124;511168.488;177714.476;243.686;us
1125;511183.120;177715.260;242.644;us
1126;511156.391;177712.010;245.706;us
1127;511182.722;177712.841;242.836;us
1128;511156.976;177714.304;245.391;us
1129;511187.585;177712.228;243.087;us
1130;511160.388;177716.706;245.003;k
1131;511187.670;177714.860;242.782;us
1132;511175.989;177712.908;243.045;ut
1133;511198.554;177715.033;244.248;us
1134;511197.695;177712.635;244.599;us
1135;511173.403;177707.487;243.357;ut
1136;511171.655;177708.310;243.420;us
1137;511175.015;177706.569;243.346;us
1138;511171.034;177708.593;243.637;kv
1139;511176.372;177705.895;243.379;t
1140;511169.607;177709.509;243.709;t
1141;511177.971;177705.221;243.512;t
1142;511180.010;177704.121;243.527;t
1143;511163.994;177708.540;244.549;t
1144;511187.852;177699.757;245.178;t
1145;511164.084;177705.427;244.679;t
1146;511170.106;177702.154;243.876;ut
1147;511171.687;177700.866;243.906;us
1148;511168.531;177702.963;243.929;us
1149;511172.926;177700.272;243.850;t
1150;511174.841;177699.327;243.684;t
1151;511166.529;177704.662;244.244;t
1152;511178.471;177697.467;244.252;t
1153;511168.047;177703.901;244.143;t
1154;511187.215;177692.768;246.064;t
1155;511165.704;177695.498;244.709;ut
1156;511167.118;177694.451;244.746;us
1157;511163.893;177696.421;244.739;us
1158;511168.012;177693.780;244.835;t
1159;511162.514;177696.943;245.233;t
1160;511169.274;177693.011;244.721;as
1161;511159.947;177696.563;245.813;t
1162;511170.423;177691.489;244.125;af
1163;511156.284;177696.902;246.650;t
1164;511172.034;177690.581;244.128;af
1165;511151.185;177696.625;247.632;af
1166;511151.205;177696.610;247.635;t
1167;511174.250;177690.233;244.835;as
1168;511151.792;177699.644;247.523;t
1169;511182.159;177687.226;246.206;t
1170;511160.674;177688.444;245.698;ut
1171;511158.793;177689.288;245.718;us
1172;511162.215;177687.489;245.720;us
1173;511157.344;177689.812;245.883;t
1174;511164.108;177686.796;245.748;t
1175;511155.970;177689.968;246.217;t
1176;511165.950;177685.904;245.375;as
1177;511154.633;177691.431;246.975;t
1178;511167.621;177686.279;244.715;af
1179;511170.437;177685.696;244.662;af
1180;511172.303;177684.073;245.504;as
1181;511168.274;177682.448;245.732;as
1182;511151.086;177691.646;247.861;t
1183;511181.516;177683.168;246.557;t
1184;511139.811;177684.712;249.980;t
1185;511156.299;177680.025;246.471;us
1186;511160.987;177679.955;246.461;us
1187;511146.848;177680.428;248.719;t
1188;511158.858;177680.068;246.460;ut
1189;511155.333;177679.984;246.510;t
1190;511143.517;177671.526;249.261;as
1191;511152.783;177679.611;246.749;t
1192;511142.325;177668.484;249.549;as
1193;511151.275;177679.679;247.824;t
1194;511145.351;177666.820;247.424;af
1195;511162.741;177680.559;246.383;t
1196;511164.705;177679.203;246.228;t
1197;511166.658;177680.059;245.957;t
1198;511148.906;177671.507;246.644;af
1199;511169.169;177680.467;246.070;t
1200;511152.447;177676.260;246.323;af
1201;511173.020;177681.859;245.952;t
1202;511153.503;177677.024;246.678;t
1203;511177.280;177679.521;246.588;t
1204;511152.970;177671.493;248.112;as
1205;511173.052;177676.984;246.543;t
1206;511149.691;177666.644;248.806;as
1207;511169.492;177677.956;246.565;t
1208;511161.926;177671.536;247.321;ut
1209;511167.422;177676.224;246.652;t
1210;511159.799;177670.074;247.397;us
1211;511165.163;177674.880;247.220;t
1212;511156.531;177673.480;247.046;t
1213;511162.894;177673.265;247.256;us
1214;511155.366;177673.029;247.795;kv
1215;511159.373;177668.362;247.454;t
1216;511158.738;177666.608;248.325;kv
1217;511169.828;177667.745;248.009;us
1218;511155.831;177662.597;249.256;t
1219;511167.753;177664.183;248.149;us
1220;511168.810;177666.290;248.017;ut
1221;511151.899;177656.816;250.361;t
1222;511170.634;177670.303;247.818;t
1223;511161.462;177650.106;251.647;t
1224;511170.872;177671.740;247.183;t
1225;511164.371;177656.674;250.561;t
1226;511174.002;177673.872;246.928;t
1227;511166.485;177660.214;249.596;kv
1228;511177.499;177675.284;246.970;t
1229;511167.414;177661.996;248.292;t
1230;511182.366;177676.614;247.252;t
1231;511177.497;177665.019;248.330;ut
1232;511178.137;177662.510;248.291;us
1233;511177.394;177667.124;248.299;us
1234;511178.289;177660.442;248.357;t
1235;511177.662;177669.095;248.334;t
1236;511178.703;177658.616;249.415;kv
1237;511177.921;177670.706;247.549;t
1238;511178.260;177652.860;251.044;t
1239;511179.813;177674.638;247.223;t
1240;511177.627;177645.518;252.306;t
1241;511191.335;177682.758;248.138;t
1242;511186.427;177667.249;248.685;ut
1243;511192.405;177686.725;247.878;t
1244;511187.032;177665.371;248.593;us
1245;511186.348;177672.558;248.157;t
1246;511187.263;177664.400;248.628;t
1247;511186.682;177670.731;248.795;t
1248;511188.044;177663.310;249.370;kv
1249;511186.079;177668.756;248.707;us
1250;511189.381;177659.006;249.965;t
1251;511192.977;177653.488;251.044;t
1252;511194.571;177670.330;249.547;ut
1253;511194.017;177672.101;249.493;us
1254;511194.898;177668.817;249.533;us
1255;511193.725;177674.407;249.547;t
1256;511193.350;177676.979;249.105;t
1257;511195.550;177667.954;249.610;t
1258;511195.473;177666.627;250.064;kv
1259;511197.342;177663.291;250.472;t
1260;511201.489;177657.924;251.282;t
1261;511205.661;177673.488;250.709;us
1262;511204.405;177669.193;250.771;us
1263;511204.731;177671.210;250.724;ut
1264;511204.053;177668.349;250.718;t
1265;511205.676;177675.838;250.630;t
1266;511204.001;177667.592;251.070;kv
1267;511209.492;177682.777;250.246;t
1268;511201.290;177662.479;250.993;t
1269;511212.699;177688.726;249.817;t
1270;511196.350;177652.543;251.481;t
1271;511198.353;177652.633;251.641;t
1272;511210.588;177668.830;250.985;ut
1273;511202.893;177658.248;251.454;t
1274;511212.159;177670.485;250.961;us
1275;511208.533;177665.810;251.332;t
1276;511213.052;177672.117;250.941;t
1277;511209.069;177666.382;251.084;t
1278;511214.314;177676.907;250.648;t
1279;511209.182;177667.015;251.073;us
1280;511214.167;177674.492;251.067;t
1281;511225.107;177683.493;249.883;t
1282;511215.570;177662.273;251.375;ut
1283;511217.367;177662.511;251.298;us
1284;511213.743;177661.769;251.391;us
1285;511219.329;177663.323;251.269;t
1286;511212.535;177661.380;251.403;t
1287;511220.345;177664.370;251.242;t
1288;511211.745;177661.278;251.598;t
1289;511225.706;177666.306;250.584;t
1290;511233.234;177666.434;249.931;t
1291;511242.670;177658.228;249.098;t
1292;511243.612;177656.497;249.143;us
1293;511241.846;177658.924;249.494;t
1294;511242.273;177654.523;249.856;t
1295;511228.556;177650.439;250.956;us
1296;511227.545;177652.723;250.955;us
1297;511227.203;177648.659;251.433;t
1298;511225.309;177653.325;251.363;t
1299;511218.965;177650.623;251.824;us
1300;511217.571;177646.768;252.066;us
1301;511220.054;177645.824;252.477;t
1302;511222.122;177653.206;251.790;t
1303;511211.459;177661.426;251.546;t
1304;511207.254;177659.439;251.606;t
1305;511201.716;177657.302;251.397;t
1306;511216.880;177653.080;251.793;ut
1307;511219.687;177653.025;251.720;us
1308;511214.986;177653.650;251.808;us
1309;511213.953;177653.924;251.816;t
1310;511213.347;177653.902;252.054;t
1311;511206.250;177653.202;252.018;t
1312;511212.758;177645.064;252.397;ut
1313;511211.496;177646.861;252.311;us
1314;511213.942;177643.904;252.434;us
1315;511214.693;177643.250;252.519;t
1316;511215.664;177641.327;252.993;t
1317;511217.991;177636.084;252.903;t
1318;511219.543;177629.993;253.411;t
1319;511210.375;177649.197;252.425;t
1320;511204.245;177641.775;252.733;ut
1321;511204.535;177640.208;252.760;us
1322;511203.702;177643.338;252.692;us
1323;511204.655;177638.995;252.954;t
1324;511203.092;177645.059;252.666;t
1325;511205.784;177634.929;253.498;t
1326;511201.281;177648.851;252.215;t
1327;511206.258;177630.597;253.911;t
1328;511196.523;177651.496;251.631;t
1329;511195.875;177639.107;252.989;ut
1330;511196.126;177637.382;253.063;us
1331;511195.437;177641.069;252.878;us
1332;511196.416;177636.235;253.278;t
1333;511194.814;177642.953;252.679;t
1334;511197.695;177629.519;253.966;t
1335;511191.612;177647.636;251.957;t
1336;511197.667;177621.747;254.803;t
1337;511188.291;177649.875;251.543;t
1338;511179.393;177648.006;251.890;t
1339;511182.218;177635.452;253.432;ut
1340;511182.614;177633.760;253.575;us
1341;511180.670;177643.122;252.584;t
1342;511181.909;177637.153;253.334;us
1343;511180.945;177640.028;253.106;t
1344;511182.669;177632.405;254.007;t
1345;511183.848;177624.302;254.982;t
1346;511169.198;177633.079;254.093;ut
1347;511184.111;177615.743;255.920;t
1348;511168.818;177634.716;254.002;us
1349;511169.465;177631.421;254.222;us
1350;511170.188;177629.354;254.545;t
1351;511170.329;177617.784;256.266;t
1352;511169.910;177636.315;253.912;t
1353;511169.854;177640.806;253.127;t
1354;511159.957;177632.406;254.456;ut
1355;511160.021;177634.067;254.408;us
1356;511160.363;177630.476;254.663;us
1357;511160.823;177628.855;255.117;t
1358;511161.082;177623.830;255.948;t
1359;511162.270;177616.388;257.076;t
1360;511161.404;177636.677;254.130;t
1361;511160.757;177641.862;253.014;t
1362;511146.096;177631.086;255.025;ut
1363;511146.657;177629.409;255.126;us
1364;511146.457;177632.487;254.963;us
1365;511146.290;177626.051;256.291;t
1366;511146.794;177617.578;258.707;t
1367;511143.894;177635.538;254.998;t
1368;511143.734;177641.021;253.420;t
1369;511132.001;177629.567;255.993;ut
1370;511132.031;177627.509;256.131;us
1371;511131.921;177631.485;255.929;us
1372;511131.761;177625.611;256.365;t
1373;511132.017;177632.947;255.802;t
1374;511131.041;177622.981;257.707;t
1375;511132.339;177635.280;255.466;t
1376;511129.606;177613.392;260.894;t
1377;511128.752;177635.804;255.988;t
1378;511133.300;177637.546;254.272;t
1379;511129.226;177640.230;255.130;t
1380;511126.178;177633.421;256.803;t
1381;511116.814;177628.505;258.623;ut
1382;511116.636;177627.010;258.672;us
1383;511116.773;177630.925;258.514;us
1384;511116.520;177625.422;258.861;t
1385;511116.826;177633.716;258.427;t
1386;511115.488;177621.682;259.625;t
1387;511116.331;177639.072;257.669;t
1388;511108.223;177615.443;261.375;t
1389;511117.844;177642.239;256.930;t
1390;511094.646;177629.352;261.139;ut
1391;511094.932;177631.157;261.094;us
1392;511115.983;177611.498;260.778;us
1393;511117.937;177610.345;260.872;us
1394;511119.314;177615.635;259.942;us
1395;511121.163;177614.501;259.973;us
1396;511124.406;177620.878;258.470;us
1397;511126.154;177619.459;258.578;us
1398;511127.583;177623.494;257.608;us
1399;511130.570;177623.774;257.413;us
1400;511131.346;177625.201;256.469;t
1401;511127.913;177624.795;256.926;t
1402;511095.227;177627.050;261.134;us
1403;511095.700;177631.557;260.985;t
1404;511095.598;177634.349;260.585;t
1405;511094.987;177637.883;259.671;t
1406;511091.878;177645.380;258.118;t
1407;511087.465;177651.815;256.480;t
1408;511087.308;177643.454;258.705;t
1409;511086.899;177637.292;260.150;t
1410;511086.990;177635.033;261.600;t
1411;511085.634;177631.311;261.735;us
1412;511085.242;177629.393;261.815;ut
1413;511085.099;177627.411;261.871;us
1414;511085.248;177624.858;263.001;kv
1415;511083.945;177620.388;264.178;t
1416;511080.967;177613.418;265.853;t
1417;511095.309;177626.111;261.394;t
1418;511060.651;177617.554;265.334;t
1419;511095.772;177621.196;262.625;t
1420;511057.312;177623.902;264.424;t
1421;511093.542;177616.024;264.081;t
1422;511054.985;177630.211;265.493;t
1423;511060.968;177631.625;264.275;t
1424;511071.791;177633.227;262.281;ut
1425;511065.613;177624.419;263.717;t
1426;511070.133;177623.594;263.884;t
1427;511073.500;177634.902;262.200;us
1428;511071.949;177626.657;263.216;kv
1429;511071.064;177631.228;262.375;us
1430;511066.857;177630.076;263.255;kv
1431;511070.195;177628.775;262.474;t
1432;511063.743;177636.336;263.737;kv
1433;511075.740;177635.052;262.135;t
1434;511066.816;177632.775;262.588;t
1435;511076.808;177637.022;261.773;t
1436;511065.518;177643.297;262.898;ut
1437;511078.998;177639.080;260.659;t
1438;511067.435;177643.958;262.748;us
1439;511080.609;177641.237;260.117;t
1440;511070.846;177645.339;262.429;t
1441;511063.948;177642.765;263.016;us
1442;511073.684;177645.131;261.112;t
1443;511062.750;177642.279;263.174;t
1444;511078.153;177647.260;259.906;t
1445;511061.555;177641.716;264.178;kv
1446;511062.193;177657.747;264.070;ut
1447;511056.890;177642.815;265.307;t
1448;511064.081;177657.942;263.993;us
1449;511067.349;177658.493;263.742;t
1450;511054.366;177652.651;265.664;t
1451;511050.514;177651.545;266.022;t
1452;511071.047;177659.865;262.283;t
1453;511058.590;177653.700;264.979;kv
1454;511059.762;177654.142;264.183;t
1455;511078.339;177659.138;260.054;t
1456;511060.923;177654.236;264.028;us
1457;511059.556;177665.954;264.384;ut
1458;511061.054;177666.366;264.339;us
1459;511062.555;177666.791;264.231;t
1460;511065.181;177667.547;263.938;t
1461;511068.774;177667.472;262.896;t
1462;511073.558;177668.952;261.787;t
1463;511057.279;177666.297;264.486;us
1464;511056.723;177665.806;264.576;k
1465;511055.912;177665.419;265.100;kv
1466;511050.859;177664.054;265.512;t
1467;511043.448;177659.247;266.624;t
1468;511055.594;177672.894;264.680;ut
1469;511057.109;177673.545;264.594;us
1470;511058.935;177674.317;264.461;t
1471;511061.939;177675.507;264.195;t
1472;511066.450;177677.869;263.526;t
1473;511072.106;177681.414;262.518;t
1474;511054.007;177671.820;264.748;us
1475;511053.038;177671.310;264.897;t
1476;511052.362;177670.831;265.396;kv
1477;511048.110;177666.812;265.699;t
1478;511043.531;177664.074;266.437;t
1479;511051.645;177676.668;264.736;ut
1480;511050.277;177675.622;264.801;us
1481;511048.358;177672.993;265.235;us
1482;511044.649;177668.481;265.928;us
1483;511040.958;177660.476;266.651;us
1484;511036.133;177658.782;267.259;us
1485;511034.610;177660.696;267.565;us
1486;511031.747;177660.472;267.914;us
1487;511039.587;177667.032;266.498;us
1488;511044.795;177671.873;265.515;us
1489;511047.458;177677.892;264.724;us
1490;511052.266;177679.735;264.494;us
1491;511047.696;177684.020;264.484;us
1492;511048.485;177690.219;264.041;us
1493;511052.420;177688.943;263.856;us
1494;511049.249;177697.216;263.515;us
1495;511061.235;177698.329;262.201;t
1496;511070.389;177692.352;262.207;t
1497;511065.567;177684.892;263.191;t
1498;511061.281;177681.002;263.885;t
1499;511057.337;177680.012;264.271;t
1500;511055.470;177678.817;264.570;t
1501;511053.709;177678.012;264.536;us
1502;511045.969;177682.715;264.646;ut
1503;511044.584;177681.374;264.794;us
1504;511043.683;177680.880;264.963;t
1505;511040.877;177678.302;265.682;t
1506;511037.609;177674.333;266.536;t
1507;511034.833;177671.364;267.120;t
1508;511030.684;177667.399;267.934;t
1509;511026.971;177673.855;268.221;t
1510;511030.118;177675.836;267.511;t
1511;511032.200;177677.832;266.937;t
1512;511036.301;177681.584;265.896;t
1513;511038.354;177684.875;265.188;t
1514;511038.770;177685.726;264.902;t
1515;511039.051;177686.388;264.900;us
1516;511039.959;177687.565;264.820;us
1517;511039.957;177687.565;264.821;ut
1518;511041.117;177689.348;264.730;us
1519;511042.151;177690.783;264.832;t
1520;511044.329;177694.073;264.161;t
1521;511048.375;177694.072;263.814;us
1522;511052.332;177694.028;263.548;us
1523;511056.610;177702.302;262.569;t
1524;511051.943;177700.995;263.273;us
1525;511048.112;177699.098;263.543;us
1526;511053.210;177707.666;262.691;us
1527;511061.341;177716.125;261.203;us
1528;511061.726;177713.770;261.315;us
1529;511060.266;177717.250;261.319;k
1530;511054.711;177717.293;261.807;k
1531;511053.495;177716.489;261.913;us
1532;511050.079;177714.979;262.308;us
1533;511046.530;177709.755;263.200;t
1534;511042.858;177705.572;263.684;t
1535;511039.309;177701.279;264.092;t
1536;511036.682;177698.815;264.498;t
1537;511035.234;177697.633;264.884;t
1538;511034.452;177697.055;264.960;us
1539;511032.383;177695.076;265.109;ut
1540;511030.258;177693.645;265.125;ut
1541;511029.185;177692.081;265.233;us
1542;511028.936;177691.503;265.295;t
1543;511028.452;177690.778;265.703;t
1544;511026.042;177687.005;267.003;t
1545;511023.536;177682.952;267.920;t
1546;511018.939;177680.628;269.231;t
1547;511028.659;177701.915;265.070;ut
1548;511025.771;177699.394;265.292;us
1549;511023.456;177697.103;265.543;ut
1550;511023.030;177695.419;265.606;us
1551;511022.865;177694.794;265.717;t
1552;511022.814;177694.224;266.190;t
1553;511019.929;177690.552;267.316;t
1554;511017.783;177687.203;268.439;t
1555;511016.098;177684.672;269.242;t
1556;511014.283;177681.315;270.378;t
1557;511029.772;177702.673;265.000;us
1558;511031.317;177704.802;264.642;t
1559;511035.920;177709.220;263.879;t
1560;511041.196;177714.684;263.202;t
1561;511047.052;177718.800;262.469;t
1562;511049.778;177721.250;261.923;us
1563;511053.243;177722.507;261.649;us
1564;511054.403;177723.273;261.549;k
1565;511021.138;177703.520;265.563;t
1566;511022.616;177704.655;265.258;us
1567;511024.378;177705.875;265.019;ut
1568;511025.904;177706.852;264.902;us
1569;511027.439;177708.307;264.702;t
1570;511030.692;177710.645;264.188;t
1571;511031.730;177714.394;263.817;t
1572;511036.221;177718.584;263.297;t
1573;511039.868;177724.163;262.591;t
1574;511043.324;177729.087;261.957;t
1575;511046.449;177733.862;261.328;t
1576;511051.276;177740.939;260.556;us
1577;511054.251;177744.378;260.137;us
1578;511054.956;177746.004;259.920;k
1579;511019.754;177700.917;265.789;us
1580;511018.563;177699.112;266.007;ut
1581;511018.026;177697.668;266.050;us
1582;511017.747;177696.901;266.133;t
1583;511017.633;177696.079;266.642;kv
1584;511013.297;177692.828;268.187;t
1585;511010.422;177685.460;270.358;t
1586;511011.358;177689.451;269.301;t
1587;511013.636;177692.383;268.268;t
1588;511015.093;177695.228;267.319;t
1589;511015.794;177696.725;266.866;kv
1590;511024.825;177708.989;264.796;us
1591;511026.707;177711.257;264.646;t
1592;511029.153;177715.987;263.884;t
1593;511031.747;177720.221;263.509;t
1594;511034.844;177724.620;262.870;t
1595;511037.624;177729.865;262.285;t
1596;511040.051;177734.540;261.808;t
1597;511041.620;177738.530;261.474;t
1598;511043.881;177743.407;260.997;t
1599;511048.406;177748.379;260.086;t
1600;511051.416;177757.255;259.001;us
1601;511054.712;177762.089;258.301;us
1602;511055.188;177762.919;258.171;k
1603;511054.722;177767.715;257.590;us
1604;511052.401;177765.309;258.068;us
1605;511046.600;177769.495;257.855;t
1606;511050.394;177763.188;258.362;t
1607;511042.064;177766.383;258.727;t
1608;511048.674;177760.967;258.711;t
1609;511038.737;177763.079;259.327;t
1610;511036.504;177759.546;259.933;t
1611;511046.200;177758.083;259.346;t
1612;511034.590;177755.182;260.552;t
1613;511044.278;177754.974;259.767;t
1614;511032.084;177750.709;261.196;t
1615;511041.553;177750.960;260.428;t
1616;511029.344;177745.657;261.722;t
1617;511035.893;177744.655;261.373;t
1618;511035.321;177740.601;261.784;t
1619;511035.232;177735.414;262.059;t
1620;511033.993;177730.395;262.500;t
1621;511026.897;177741.433;262.343;t
1622;511030.682;177726.058;263.093;t
1623;511024.310;177735.800;262.774;t
1624;511027.429;177721.863;263.654;t
1625;511020.869;177729.864;263.401;t
1626;511025.389;177718.418;264.034;t
1627;511018.861;177724.967;263.921;t
1628;511022.761;177714.419;264.526;t
1629;511015.729;177720.507;264.431;t
1630;511021.569;177711.987;264.787;us
1631;511014.304;177719.117;264.694;us
1632;511020.446;177709.566;264.986;ut
1633;511013.208;177717.023;264.814;ut
1634;511018.963;177708.323;265.206;us
1635;511012.003;177715.447;264.951;us
1636;511017.705;177706.012;265.757;t
1637;511010.886;177713.386;265.294;t
1638;511016.202;177702.665;266.109;us
1639;511008.332;177709.140;266.131;t
1640;511015.044;177700.462;266.334;ut
1641;511007.585;177708.042;266.830;t
1642;511013.731;177698.519;266.554;us
1643;511006.492;177705.537;266.805;us
1644;511006.064;177702.522;266.985;us
1645;511013.230;177697.832;266.913;kv
1646;511006.857;177703.758;266.874;ut
1647;511013.393;177698.285;266.658;t
1648;511005.891;177701.676;267.046;t
1649;511012.897;177696.382;267.387;t
1650;511005.360;177700.903;267.801;kv
1651;511004.301;177697.007;269.086;t
1652;511002.859;177693.152;270.145;t
1653;511002.188;177689.527;271.229;t
1654;511000.455;177686.152;272.420;t
1655;511023.175;177769.981;259.896;t
1656;511029.553;177764.251;259.920;t
1657;511020.821;177764.510;260.741;t
1658;511028.295;177761.458;260.384;t
1659;511018.490;177760.349;261.215;t
1660;511026.762;177758.033;260.915;t
1661;511017.024;177756.108;261.735;t
1662;511025.095;177754.975;261.313;t
1663;511014.696;177750.793;262.375;t
1664;511023.007;177751.075;261.794;t
1665;511013.031;177744.217;262.793;t
1666;511020.832;177747.348;262.250;t
1667;511011.889;177738.848;263.224;t
1668;511019.234;177743.866;262.652;t
1669;511010.323;177734.601;263.689;t
1670;511017.653;177740.609;262.895;t
1671;511016.037;177737.244;263.195;t
1672;511014.805;177734.596;263.550;t
1673;511013.458;177732.011;263.627;t
1674;511014.612;177726.443;264.002;t
1675;511006.402;177729.600;264.180;t
1676;511010.956;177724.017;264.419;t
1677;511003.955;177727.069;264.572;t
1678;511009.624;177722.087;264.635;us
1679;511003.489;177726.307;264.663;us
1680;511007.907;177719.581;264.791;us
1681;511001.443;177723.579;264.807;us
1682;511008.370;177720.515;264.753;ut
1683;511002.576;177725.046;264.724;ut
1684;511007.209;177718.832;264.918;t
1685;511005.483;177715.838;265.389;t
1686;511004.615;177713.551;265.822;t
1687;511000.702;177723.354;265.106;t
1688;511003.809;177710.815;266.287;t
1689;511003.271;177709.136;266.992;t
1690;510997.410;177716.692;265.849;t
1691;510995.582;177713.295;266.521;t
1692;510994.969;177711.476;267.361;t
1693;511002.747;177707.513;267.125;us
1694;510994.176;177710.126;267.449;us
1695;511000.717;177704.665;267.218;us
1696;510992.895;177707.010;267.574;us
1697;511001.059;177706.095;267.176;uk
1698;510993.325;177708.454;267.512;ut
1699;511000.389;177703.954;267.287;t
1700;510992.534;177706.273;267.745;t
1701;510991.238;177705.588;268.911;kv
1702;510989.731;177702.075;269.973;t
1703;511000.598;177703.006;268.109;kv
1704;510985.789;177697.969;271.584;t
1705;510999.885;177701.436;268.810;t
1706;510981.102;177692.773;273.699;t
1707;510998.845;177699.098;269.439;t
1708;510996.816;177695.510;270.676;t
1709;510995.196;177691.337;272.039;t
1710;511008.238;177754.697;262.372;t
1711;511006.610;177750.060;262.710;t
1712;511005.270;177747.207;262.975;t
1713;511003.544;177744.336;263.262;t
1714;511002.685;177741.419;263.502;t
1715;511001.006;177736.782;263.885;t
1716;510996.136;177733.469;264.407;t
1717;510994.837;177731.549;264.604;us
1718;510993.263;177728.153;264.929;us
1719;510994.436;177729.635;264.766;ut
1720;510992.344;177725.276;265.333;t
1721;510990.543;177721.404;265.814;t
1722;510988.713;177716.916;266.503;t
1723;510988.256;177715.511;266.845;t
1724;510987.721;177713.891;267.824;t
1725;510988.858;177711.147;267.882;us
1726;510985.304;177707.713;268.227;us
1727;510986.336;177709.650;268.048;ut
1728;510984.876;177706.940;268.402;t
1729;510984.017;177706.076;269.659;kv
1730;510982.376;177702.640;270.817;t
1731;510981.471;177699.968;271.701;t
1732;510981.045;177698.255;272.315;t
1733;510979.330;177694.339;273.577;t
1734;511002.020;177771.033;261.585;t
1735;510997.265;177766.176;262.198;t
1736;510997.556;177760.098;262.564;t
1737;510995.439;177771.747;261.866;t
1738;510995.963;177754.893;263.096;t
1739;510992.691;177767.996;262.255;t
1740;510994.240;177750.529;263.342;t
1741;510990.542;177765.160;262.586;t
1742;510990.689;177746.452;263.927;t
1743;510987.677;177761.223;263.041;t
1744;510986.971;177742.074;264.469;t
1745;510985.132;177758.582;263.414;t
1746;510987.609;177737.644;264.722;t
1747;510983.716;177754.437;263.796;t
1748;510981.010;177750.419;264.206;t
1749;510979.764;177745.614;264.663;t
1750;510978.723;177742.354;265.025;t
1751;510978.007;177740.606;265.194;us
1752;510976.427;177737.085;265.300;us
1753;510987.639;177735.470;264.851;us
1754;510986.054;177733.037;265.024;us
1755;510986.795;177734.442;264.951;ut
1756;510976.675;177739.068;265.249;ut
1757;510985.427;177731.480;265.321;t
1758;510974.664;177735.335;265.795;t
1759;510983.002;177728.199;265.770;t
1760;510972.994;177731.529;266.228;t
1761;510980.345;177723.462;266.329;t
1762;510969.982;177727.180;266.847;t
1763;510977.458;177719.258;267.189;t
1764;510967.515;177722.854;267.718;t
1765;510976.327;177717.168;267.703;t
1766;510967.658;177720.867;268.065;t
1767;510975.910;177715.069;268.931;t
1768;510966.244;177717.678;269.934;t
1769;510965.952;177715.446;270.100;us
1770;510975.459;177713.099;269.025;us
1771;510965.365;177711.893;270.313;us
1772;510974.863;177709.742;269.328;us
1773;510965.776;177713.758;270.125;ut
1774;510975.142;177711.567;269.221;ut
1775;510965.609;177710.797;270.332;t
1776;510974.547;177709.080;269.482;t
1777;510974.118;177707.606;270.819;kv
1778;510966.461;177709.286;271.677;kv
1779;510973.908;177703.182;272.060;t
1780;510965.815;177707.477;272.360;t
1781;510972.876;177698.041;273.553;t
1782;510966.004;177704.831;273.066;t
1783;510965.516;177701.415;273.994;t
1784;510972.742;177693.460;274.698;t
1785;510965.252;177697.078;275.043;t
1786;510977.445;177779.057;261.666;t
1787;510973.397;177773.250;262.553;t
1788;510971.660;177769.325;263.113;t
1789;510969.301;177763.915;263.904;t
1790;510965.280;177756.738;264.681;t
1791;510964.341;177750.335;265.250;t
1792;510964.269;177745.262;265.579;us
1793;510963.378;177741.808;265.775;us
1794;510963.669;177743.407;265.747;ut
1795;510963.083;177741.451;266.067;t
1796;510962.159;177736.769;266.587;t
1797;510961.565;177732.525;267.284;t
1798;510960.905;177728.682;268.043;t
1799;510960.029;177725.689;268.669;t
1800;510958.204;177722.935;269.541;t
1801;510956.656;177720.629;271.384;t
1802;510955.497;177717.875;271.437;us
1803;510953.878;177715.317;271.666;us
1804;510954.418;177716.639;271.544;ut
1805;510952.994;177714.075;271.918;t
1806;510952.088;177712.251;273.689;kv
1807;510950.190;177710.466;274.530;t
1808;510948.212;177706.839;275.695;t
1809;510947.591;177702.190;276.616;t
1810;510945.656;177699.654;277.019;t
1811;510945.324;177698.054;277.116;t
1812;510966.115;177777.312;262.338;t
1813;510957.139;177780.562;262.058;t
1814;510964.787;177771.525;263.093;t
1815;510956.388;177775.185;262.721;t
1816;510963.250;177766.577;263.773;t
1817;510956.824;177769.740;263.533;t
1818;510961.884;177761.395;264.369;t
1819;510955.694;177766.461;263.862;t
1820;510961.301;177756.915;264.756;t
1821;510953.732;177761.516;264.307;t
1822;510959.828;177751.997;265.223;t
1823;510952.446;177755.575;264.996;t
1824;510958.639;177747.063;265.666;us
1825;510950.427;177750.205;265.531;us
1826;510958.043;177744.091;265.843;us
1827;510949.575;177746.937;265.767;us
1828;510958.639;177745.608;265.789;ut
1829;510950.122;177748.183;265.739;ut
1830;510957.896;177743.207;266.024;t
1831;510949.328;177745.400;266.131;t
1832;510956.244;177739.518;266.693;t
1833;510947.931;177740.963;266.805;t
1834;510954.180;177734.691;267.628;t
1835;510946.450;177736.620;267.685;t
1836;510951.752;177729.904;268.934;t
1837;510944.948;177732.469;268.676;t
1838;510950.220;177724.593;270.532;t
1839;510942.880;177728.098;270.156;t
1840;510948.892;177721.742;272.221;t
1841;510943.359;177725.016;271.048;t
1842;510943.372;177724.501;271.294;t
1843;510942.823;177721.205;273.033;t
1844;510942.546;177718.959;273.009;us
1845;510950.913;177718.294;271.969;us
1846;510940.952;177715.506;273.379;us
1847;510950.598;177715.232;272.111;us
1848;510951.128;177717.024;271.993;ut
1849;510941.445;177717.177;273.245;ut
1850;510950.532;177714.166;272.264;t
1851;510939.666;177714.624;273.614;t
1852;510950.419;177713.074;273.714;kv
1853;510938.541;177713.555;274.751;kv
1854;510948.923;177708.853;275.183;t
1855;510946.261;177703.919;276.352;t
1856;510929.156;177707.882;276.205;t
1857;510941.428;177699.004;277.216;t
1858;510923.446;177703.621;277.110;t
1859;510946.735;177781.677;262.002;t
1860;510943.547;177772.909;263.153;t
1861;510939.366;177765.141;264.050;t
1862;510935.208;177757.333;265.136;t
1863;510934.199;177755.140;265.354;us
1864;510932.837;177752.280;265.596;us
1865;510933.286;177753.563;265.517;ut
1866;510932.294;177750.807;265.989;t
1867;510930.796;177745.602;266.935;t
1868;510929.500;177739.356;267.981;t
1869;510928.827;177734.961;268.931;t
1870;510918.872;177736.842;269.007;t
1871;510899.103;177744.037;269.445;t
1872;510920.180;177742.415;267.878;t
1873;510902.278;177750.543;267.808;t
1874;510922.410;177748.158;266.806;t
1875;510904.356;177757.932;266.544;t
1876;510924.581;177752.653;265.867;t
1877;510906.322;177760.919;266.103;t
1878;510925.149;177754.581;265.500;us
1879;510908.039;177762.169;265.590;us
1880;510925.491;177756.853;265.422;us
1881;510909.574;177764.887;265.398;us
1882;510925.285;177755.712;265.477;ut
1883;510909.472;177763.413;265.499;ut
1884;510926.200;177758.910;265.264;t
1885;510909.656;177766.850;265.462;t
1886;510912.212;177771.561;264.447;t
1887;510927.090;177765.087;264.347;t
1888;510914.790;177777.759;263.695;t
1889;510917.615;177785.695;262.686;t
1890;510929.316;177772.329;263.358;t
1891;510931.212;177779.582;262.364;t
1892;510886.898;177752.478;268.931;t
1893;510889.835;177758.673;267.568;t
1894;510892.232;177764.726;266.472;t
1895;510893.779;177769.284;265.625;t
1896;510894.724;177770.234;265.347;us
1897;510896.399;177772.402;265.256;us
1898;510895.664;177771.172;265.266;ut
3000;510897.789;177773.489;265.260;t
3002;510902.298;177780.138;264.210;t
3003;510907.724;177788.363;262.942;t
3004;510911.592;177793.322;262.329;t
3005;510887.734;177779.308;264.784;us
3006;510885.526;177776.987;264.921;us
3007;510886.301;177777.789;264.850;ut
3008;510888.332;177780.876;264.696;t
3009;510891.981;177785.784;263.724;t
3010;510895.722;177793.110;262.640;t
3011;510897.235;177799.604;261.776;t
3012;510883.896;177776.122;265.237;t
3013;510878.919;177772.159;266.330;t
3014;510872.746;177766.677;268.408;t
3015;510881.982;177806.464;261.002;t
3016;510877.924;177799.547;262.071;t
3017;510868.177;177818.323;260.152;t
3018;510875.253;177794.101;262.984;t
3019;510863.255;177809.312;261.421;t
3020;510860.491;177804.992;262.293;t
3021;510874.299;177792.587;263.565;t
3022;510859.179;177803.422;262.575;t
3023;510872.997;177791.321;263.468;t
3024;510871.074;177788.810;263.461;us
3025;510871.910;177789.946;263.536;ut
3026;510871.148;177788.133;263.724;t
3027;510870.495;177786.818;264.415;t
3028;510866.470;177781.111;266.344;t
3029;510862.049;177774.986;267.915;t
3030;510858.344;177802.632;262.543;us
3031;510856.676;177800.200;262.765;us
3032;510857.360;177801.319;262.702;ut
3033;510856.063;177799.482;262.951;t
3034;510855.264;177798.651;263.348;t
3035;510850.240;177790.528;264.902;t
3036;510849.298;177783.905;266.664;t
3037;510852.678;177830.486;259.687;t
3039;510843.990;177812.184;262.171;US
3040;510842.535;177809.486;262.270;US
3041;510843.327;177810.606;262.267;UT
3042;510842.106;177808.630;262.618;t
3043;510838.145;177800.770;264.110;t
3044;510836.529;177792.069;265.869;t
3045;510834.704;177787.383;266.731;t
3046;510840.562;177839.175;259.061;t
3047;510838.040;177833.692;260.374;t
3048;510837.315;177826.665;261.370;t
3049;510836.044;177821.499;261.742;t
3050;510822.362;177838.330;259.132;t
3051;510822.523;177829.887;260.765;t
3052;510823.233;177822.387;261.520;t
3053;510834.981;177817.515;262.095;us
3054;510823.135;177819.035;261.824;us
3055;510833.322;177814.007;262.423;us
3056;510823.543;177815.327;261.960;us
3057;510833.604;177815.855;262.325;ut
3058;510823.945;177817.371;261.967;ut
3059;510832.446;177813.492;262.671;t
3060;510823.835;177814.079;262.397;t
3061;510830.156;177808.911;263.150;t
3062;510823.518;177809.613;263.173;t
3063;510823.328;177806.206;264.117;t
3064;510828.389;177804.088;264.328;t
3065;510828.418;177799.801;264.922;t
3066;510823.804;177798.870;265.223;t
3067;510827.831;177795.523;265.557;t
3068;510828.580;177790.432;266.118;t
3069;510823.836;177790.162;265.714;t
3070;510814.558;177814.058;261.827;ut
3071;510808.296;177806.007;262.096;ut
3072;510813.484;177815.647;261.902;us
3073;510806.942;177806.675;262.134;us
3074;510815.540;177812.297;261.928;us
3075;510810.257;177804.975;262.174;us
3076;510791.590;177812.067;258.218;t
3077;510797.756;177825.214;259.074;t
3078;510799.410;177810.013;260.286;t
3079;510802.102;177821.970;260.315;t
3080;510804.142;177808.447;261.259;t
3081;510805.885;177817.548;261.206;t
3082;510806.012;177807.582;262.074;t
3083;510808.834;177813.811;262.023;t
3084;510810.774;177804.740;262.277;t
3085;510813.575;177809.854;262.050;t
3086;510811.273;177804.529;262.893;kv
3087;510813.856;177808.972;262.642;kv
3088;510816.609;177802.046;263.724;t
3089;510817.209;177806.376;263.464;t
3090;510821.398;177796.502;265.149;t
3091;510820.540;177803.836;264.263;t
3092;510790.825;177801.747;258.090;t
3093;510796.274;177800.384;259.686;t
3094;510800.522;177798.189;260.688;t
3095;510803.238;177797.426;262.179;t
3096;510804.371;177797.319;262.239;us
3097;510807.437;177797.196;262.315;us
3098;510805.524;177796.518;262.267;ut
3099;510808.027;177795.653;262.376;t
3100;510809.097;177795.255;263.065;kv
3101;510814.858;177793.681;264.070;t
3102;510784.017;177784.158;257.530;t
3103;510789.231;177781.382;259.520;t
3104;510778.987;177765.166;258.488;t
3105;510794.982;177779.231;260.727;t
3106;510784.429;177763.513;259.314;t
3107;510797.757;177777.667;261.528;t
3108;510789.501;177761.223;260.431;t
3109;510799.512;177777.238;262.331;t
3110;510793.580;177760.195;261.685;t
3111;510800.400;177777.076;262.355;us
3112;510802.990;177776.514;262.431;us
3113;510801.709;177776.837;262.388;ut
3114;510794.571;177759.540;261.765;us
3115;510798.192;177757.921;261.826;us
3116;510797.032;177760.364;261.882;ut
3117;510804.081;177775.642;262.455;t
3118;510799.984;177759.403;262.099;t
3119;510800.923;177758.905;262.738;kv
3120;510804.999;177774.967;263.184;kv
3121;510804.666;177756.085;263.687;t
3122;510809.815;177754.158;265.242;t
3123;510809.974;177773.387;264.330;t
3124;510812.855;177750.937;266.352;t
3125;510815.654;177771.478;265.793;t
3126;510777.257;177763.205;258.282;t
3127;510781.786;177759.392;259.114;t
3128;510784.252;177755.875;259.914;t
3129;510787.059;177753.667;260.698;t
3130;510788.145;177752.799;261.449;t
3131;510789.389;177752.089;261.477;us
3132;510792.574;177749.833;261.467;us
3133;510791.077;177751.270;261.552;ut
3134;510793.566;177748.786;262.432;kv
3135;510797.874;177747.573;263.120;t
3136;510802.480;177744.896;264.170;t
3137;510806.312;177738.696;265.334;t
3138;510781.066;177726.757;261.964;US
3139;510785.599;177737.116;261.561;us
3140;510778.028;177728.173;261.902;us
3141;510782.631;177739.501;261.537;us
3142;510779.929;177727.373;261.917;ut
3143;510783.716;177737.827;261.588;ut
3144;510760.792;177741.608;258.285;t
3145;510766.872;177745.077;258.389;t
3146;510766.893;177735.911;259.497;t
3147;510771.479;177742.088;259.209;t
3148;510774.154;177730.749;261.332;t
3149;510776.499;177739.271;260.542;t
3150;510776.555;177729.040;261.804;t
3151;510779.084;177737.442;261.364;t
3152;510782.763;177725.692;262.007;t
3153;510786.105;177736.821;261.645;t
3154;510783.992;177725.165;262.737;kv
3155;510786.574;177736.587;262.281;kv
3156;510790.039;177720.429;264.065;t
3157;510789.835;177734.355;262.959;t
3158;510793.053;177715.519;265.199;us
3159;510793.305;177712.105;265.559;us
3160;510793.205;177733.410;263.496;t
3161;510802.038;177728.517;265.330;t
3162;510787.760;177711.995;264.559;us
3163;510788.439;177714.847;264.371;us
3164;510783.156;177711.635;263.966;us
3165;510783.584;177714.540;263.737;us
3166;510776.538;177711.388;262.801;us
3167;510777.756;177714.119;262.778;us
3168;510768.924;177712.178;262.381;us
3169;510773.201;177714.852;262.265;us
3170;510765.462;177715.268;262.147;us
3171;510755.212;177714.071;261.744;us
3172;510766.384;177711.938;262.192;us
3173;510756.083;177709.882;261.835;us
3174;510765.857;177713.971;262.166;ut
3175;510755.206;177711.879;261.755;ut
3176;510759.494;177734.409;259.224;t
3177;510752.229;177732.884;259.250;t
3178;510762.479;177725.226;260.907;t
3179;510753.188;177725.953;260.531;t
3180;510765.649;177716.576;262.127;t
3181;510752.174;177719.426;261.260;t
3182;510766.160;177711.023;262.351;t
3183;510752.708;177715.817;261.883;t
3184;510767.344;177704.143;263.514;t
3185;510767.651;177694.677;264.780;t
3186;510754.313;177709.620;261.780;t
3187;510754.118;177708.564;262.370;t
3188;510754.845;177702.955;263.236;t
3189;510753.995;177698.578;263.736;t
3190;510755.272;177692.772;264.441;t
3191;510729.978;177730.127;260.022;t
3192;510737.422;177728.061;260.128;t
3193;510729.789;177724.755;260.874;t
3194;510737.629;177722.205;260.961;t
3195;510728.011;177718.207;261.614;t
3196;510735.879;177716.102;261.695;t
3197;510727.436;177714.531;262.609;t
3198;510735.512;177713.117;262.222;t
3199;510726.864;177712.265;262.523;us
3200;510735.689;177711.242;262.321;us
3201;510726.537;177708.814;262.576;us
3202;510735.450;177708.842;262.314;us
3203;510726.744;177710.428;262.564;ut
3204;510735.681;177709.988;262.288;ut
3205;510727.490;177707.478;262.544;t
3206;510735.902;177708.101;262.346;t
3207;510727.239;177705.932;263.047;t
3208;510735.964;177707.153;262.686;t
3209;510726.720;177700.786;263.620;t
3210;510722.526;177696.480;264.266;t
3211;510736.836;177698.506;263.936;t
3212;510736.148;177695.434;264.227;t
3213;510734.583;177690.738;264.839;t
3214;510725.521;177691.747;264.587;us
3215;510719.840;177693.007;264.501;us
3216;510718.485;177699.477;263.878;us
3217;510716.408;177697.741;263.908;us
3218;510713.337;177704.262;263.485;us
3219;510711.795;177701.921;263.516;us
3220;510708.477;177706.881;263.255;us
3221;510702.823;177706.412;263.024;us
3222;510704.940;177708.708;262.903;us
3223;510687.573;177711.135;262.558;us
3224;510695.087;177708.263;262.959;us
3225;510693.197;177711.067;262.661;us
3226;510688.953;177708.099;262.705;us
3227;510699.724;177710.820;262.771;us
3228;510705.633;177710.782;262.853;us
3229;510708.516;177708.160;263.034;us
3230;510712.565;177711.258;262.642;us
3231;510718.223;177708.688;262.681;us
3232;510718.277;177711.224;262.489;us
3233;510723.780;177708.687;262.625;us
3234;510715.464;177713.910;262.230;us
3235;510708.683;177722.856;261.271;us
3236;510717.352;177716.280;262.166;us
3237;510711.451;177724.533;261.216;us
3238;510716.469;177715.164;262.250;ut
3239;510710.012;177723.673;261.328;ut
3240;510729.381;177729.573;260.136;t
3241;510721.860;177737.227;259.374;t
3242;510718.233;177733.249;259.966;t
3243;510724.230;177721.509;261.234;t
3244;510715.447;177729.388;260.453;t
3245;510712.972;177726.619;261.047;t
3246;510707.103;177722.265;261.645;t
3247;510721.073;177718.521;261.789;t
3248;510714.585;177713.773;262.270;t
3249;510704.562;177720.221;261.930;t
3250;510699.258;177718.276;262.316;t
3251;510696.412;177716.898;262.217;t
3252;510717.538;177750.816;258.266;t
3253;510711.757;177745.399;258.921;t
3254;510705.206;177740.924;259.960;t
3255;510709.884;177762.881;258.219;t
3256;510706.886;177760.546;258.573;t
3257;510703.253;177755.718;258.923;t
3258;510698.306;177752.854;259.150;t
3259;510696.489;177750.505;259.423;t
3260;510703.020;177739.210;260.154;us
3261;510695.444;177749.390;259.493;us
3262;510700.146;177737.370;260.065;us
3263;510692.832;177746.764;259.447;us
3264;510701.561;177738.256;260.125;ut
3265;510694.050;177748.253;259.520;ut
3266;510698.149;177736.194;260.415;t
3267;510691.714;177746.519;259.574;t
3268;510691.380;177746.308;260.016;t
3269;510691.909;177729.915;261.211;t
3270;510687.133;177741.109;260.359;t
3271;510688.618;177722.493;261.731;t
3272;510685.832;177734.172;260.837;t
3273;510680.827;177729.510;260.892;t
3274;510667.918;177772.947;256.554;t
3275;510689.790;177776.771;257.883;t
3276;510667.677;177767.964;256.886;t
3277;510688.652;177768.683;258.262;t
3278;510671.112;177762.986;257.587;t
3279;510686.249;177762.215;258.620;t
3280;510673.241;177759.098;258.130;t
3281;510684.160;177756.364;259.032;t
3282;510673.672;177757.599;258.507;t
3283;510674.489;177754.642;258.600;t
3284;510683.957;177753.558;259.183;us
3285;510683.814;177750.266;259.255;us
3286;510684.226;177752.260;259.250;ut
3287;510675.121;177752.454;258.667;us
3288;510676.479;177749.568;258.769;us
3289;510675.807;177750.919;258.769;ut
3290;510684.131;177749.858;259.330;t
3291;510676.693;177748.851;258.811;t
3292;510684.002;177749.193;259.710;t
3293;510677.021;177747.878;259.182;t
3294;510682.875;177743.949;260.021;t
3295;510679.285;177743.583;259.752;t
3296;510683.973;177735.292;260.715;t
3297;510680.200;177735.152;260.334;t
3298;510685.324;177727.006;261.347;t
3299;510680.098;177728.892;260.723;t
3300;510666.639;177744.136;257.993;us
3301;510664.620;177746.296;257.830;us
3302;510665.544;177745.187;257.940;ut
3303;510666.999;177743.070;258.018;t
3304;510668.018;177742.970;258.563;t
3305;510670.965;177736.748;259.191;t
3306;510676.382;177728.291;260.342;t
3307;510661.420;177749.997;257.125;t
3308;510653.904;177761.250;255.366;t
3309;510648.146;177769.724;253.974;t
3310;510644.404;177755.003;254.501;t
3311;510646.865;177742.757;255.326;as
3312;510644.453;177740.825;255.196;as
3313;510646.174;177741.644;254.996;af
3314;510651.249;177739.615;255.935;af
3315;510648.591;177739.026;255.830;as
3316;510652.259;177740.733;256.368;as
3317;510651.162;177737.848;256.591;as
3318;510653.867;177740.099;256.639;as
3319;510655.465;177734.651;256.926;us
3320;510653.595;177737.890;256.758;us
3321;510654.195;177736.147;256.870;ut
3322;510655.889;177734.270;256.998;t
3323;510656.223;177733.975;257.467;t
3324;510661.797;177729.169;258.633;t
3325;510669.298;177720.380;260.248;t
3326;510655.875;177711.113;259.219;us
3327;510658.117;177708.046;259.325;us
3328;510650.687;177710.507;258.706;us
3329;510637.631;177706.861;257.248;us
3330;510637.155;177710.191;257.221;us
3331;510629.792;177707.094;256.376;us
3332;510622.793;177711.233;255.318;us
3333;510619.651;177708.656;255.005;us
3334;510620.970;177711.569;254.774;us
3335;510617.112;177709.830;254.330;us
3336;510645.721;177727.362;256.195;us
3337;510637.965;177722.665;255.741;us
3338;510643.479;177730.358;256.051;us
3339;510635.345;177725.635;255.560;us
3340;510644.502;177729.008;256.172;ut
3341;510635.003;177723.460;255.597;ut
3342;510641.577;177733.668;255.444;t
3343;510633.715;177726.674;255.314;t
3344;510635.711;177742.404;253.822;t
3345;510631.555;177728.616;254.734;t
3346;510632.788;177749.851;252.909;t
3347;510628.931;177731.978;253.938;t
3348;510626.162;177736.458;253.068;t
3349;510639.238;177723.123;255.850;t
3350;510647.097;177727.865;256.407;t
3351;510640.006;177722.194;256.254;t
3352;510647.830;177727.451;256.818;t
3353;510642.663;177715.995;257.067;t
3354;510650.857;177721.243;257.662;t
3355;510648.662;177713.536;258.070;t
3356;510652.840;177711.956;258.831;t
3357;510653.918;177716.076;258.579;t
3358;510657.375;177713.275;259.256;t
3359;510627.655;177718.655;255.151;ut
3360;510618.649;177712.947;254.533;ut
3361;510615.466;177713.390;254.250;us
3362;510627.187;177720.457;255.075;us
3363;510630.845;177715.463;255.877;t
3364;510615.567;177707.149;254.368;t
3365;510637.819;177713.887;257.014;t
3366;510617.416;177701.090;255.437;t
3367;510625.466;177720.446;255.003;t
3368;510618.863;177695.233;256.041;t
3369;510608.605;177700.242;253.992;t
3370;510610.526;177694.168;254.730;t
3371;510612.029;177687.832;255.370;t
3372;510624.543;177726.206;254.430;t
3373;510616.699;177732.979;252.512;t
3374;510621.064;177721.489;254.395;t
3375;510611.982;177730.588;252.238;t
3376;510620.559;177722.605;254.057;t
3377;510610.708;177729.851;251.977;t
3378;510614.848;177718.605;253.817;t
3379;510609.576;177728.939;252.035;t
3380;510605.377;177725.843;251.759;t
3381;510611.848;177717.243;253.430;t
3382;510603.483;177723.976;251.645;t
3383;510609.901;177717.028;252.967;t
3384;510602.606;177722.827;251.485;t
3385;510609.232;177715.247;252.967;t
3386;510601.104;177721.462;251.330;t
3387;510608.119;177713.915;253.153;t
3388;510600.625;177720.943;251.341;t
3389;510606.243;177710.461;253.067;t
3390;510600.380;177720.801;251.514;t
3391;510612.819;177713.207;253.891;t
3392;510597.858;177718.379;251.521;t
3393;510612.465;177713.788;253.632;t
3394;510596.963;177713.879;251.855;t
3395;510596.527;177709.899;252.019;t
3396;510607.775;177704.317;253.471;t
3397;510596.037;177702.180;252.446;t
3398;510607.488;177703.306;253.618;t
3399;510596.437;177696.418;252.826;t
3400;510605.444;177698.732;253.692;t
3401;510603.541;177694.242;253.779;t
3402;510596.708;177686.179;253.578;t
3403;510602.184;177687.694;254.036;t
3404;510603.773;177682.244;254.585;t
3405;510588.740;177682.516;253.062;as
3406;510585.754;177682.154;252.883;t
3407;510587.166;177682.184;252.722;t
3408;510587.836;177689.027;252.386;t
3409;510580.809;177683.282;253.005;t
3410;510587.941;177698.216;251.939;t
3411;510582.072;177689.164;252.254;t
3412;510589.092;177701.734;251.971;t
3413;510589.150;177702.181;251.753;t
3414;510581.911;177695.883;251.355;t
3415;510592.163;177713.074;251.205;t
3416;510582.238;177700.557;251.214;t
3417;510582.228;177703.304;251.157;t
3418;510592.475;177713.688;251.429;t
3419;510583.415;177709.991;250.851;t
3420;510594.450;177719.405;251.119;t
3421;510585.354;177715.152;250.829;t
3422;510588.139;177723.225;250.245;t
3423;510595.511;177723.085;250.842;t
3424;510591.257;177730.608;249.966;t
3425;510597.597;177725.535;250.752;t
3426;510595.072;177737.104;249.887;t
3427;510601.521;177731.120;250.836;t
3428;510593.969;177737.810;249.910;t
3429;510603.719;177736.062;250.631;t
3430;510593.146;177737.801;249.455;t
3431;510601.880;177737.104;250.367;t
3432;510591.123;177732.989;249.830;t
3433;510599.225;177732.998;250.264;t
3434;510590.380;177733.359;249.428;t
3435;510597.137;177728.112;250.479;t
3436;510588.911;177727.591;249.935;t
3437;510593.991;177722.706;250.664;t
3438;510588.038;177727.990;249.490;t
3439;510591.880;177717.487;251.172;t
3440;510585.211;177719.653;250.434;t
3441;510590.790;177717.828;250.562;t
3442;510584.147;177719.756;250.066;t
3443;510593.399;177723.600;250.210;t
3444;510597.604;177731.559;250.084;t
3445;510603.408;177740.964;249.855;t
3446;510580.746;177709.265;250.697;t
3447;510578.694;177703.024;250.996;t
3448;510576.747;177697.509;251.539;t
3449;510574.321;177690.962;252.433;t
3450;510572.028;177684.573;253.306;t
3451;510570.980;177706.401;250.810;t
3452;510562.616;177690.550;253.448;t
3453;510570.200;177706.017;251.107;t
3454;510564.927;177694.631;252.681;t
3455;510567.300;177700.247;251.831;t
3456;510570.333;177707.451;250.641;t
3457;510569.633;177707.168;250.957;t
3458;510563.498;177703.446;251.854;t
3459;510556.273;177699.446;253.149;t
3460;510551.137;177707.335;252.779;t
3461;510556.322;177710.040;251.705;t
3462;510563.811;177712.599;250.655;t
3463;510568.221;177713.956;250.231;t
3464;510568.704;177714.082;250.043;t
3465;510567.039;177726.269;248.861;t
3466;510560.436;177727.678;249.145;t
3467;510545.834;177716.402;252.100;t
3468;510561.040;177732.075;248.435;t
3469;510565.716;177734.446;248.016;t
3470;510553.789;177723.225;250.471;t
3471;510564.504;177737.901;247.710;t
3472;510549.264;177723.956;250.348;as
3473;510556.502;177749.626;246.626;as
3474;510554.504;177728.335;249.469;as
3475;510556.221;177740.533;247.765;as
3476;510559.103;177733.708;248.312;as
3477;510552.234;177733.477;249.013;as
3478;510561.999;177743.109;247.392;as
3479;510561.297;177752.213;246.215;as
3480;510559.603;177749.049;245.850;af
3481;510547.733;177726.331;249.122;af
3482;510554.466;177732.540;247.873;af
3483;510558.680;177741.516;246.464;af
3484;510558.732;177757.359;245.617;t
3485;510553.978;177754.865;246.043;t
3486;510546.467;177768.803;245.281;t
3487;510548.983;177750.974;247.010;t
3488;510538.580;177759.229;245.960;t
3489;510546.190;177759.194;245.914;t
3490;510554.933;177763.721;245.180;t
3491;510566.610;177747.043;246.777;t
3492;510565.634;177744.225;246.980;t
3493;510580.661;177709.609;250.646;as
3494;510580.287;177713.930;250.238;as
3495;510578.496;177710.810;250.414;as
3496;510578.219;177718.818;249.461;as
3497;510576.957;177712.672;250.190;as
3498;510576.434;177715.178;249.899;as
3499;510574.984;177718.780;249.762;as
3500;510576.779;177719.363;249.186;af
3501;510577.618;177715.544;249.511;af
3502;510579.609;177711.908;249.879;af
3503;510606.585;177709.377;253.271;us
3504;510608.012;177705.281;253.448;us
3505;510596.255;177708.732;251.952;us
3506;510593.933;177703.510;252.089;us
3507;510590.680;177716.887;250.721;us
3508;510578.653;177705.029;250.810;us
3509;510593.448;177723.876;250.186;us
3510;510586.902;177709.866;251.090;us
3511;510599.030;177734.325;250.001;us
3512;510588.321;177722.261;250.317;us
3513;510595.461;177736.149;249.938;us
3514;510591.513;177729.180;250.082;us
3515;510578.114;177709.614;250.572;us
3516;510572.234;177711.144;250.387;us
3517;510573.547;177715.351;250.056;us
3518;510570.868;177714.204;250.105;us
3519;510570.792;177726.345;248.818;us
3520;510568.193;177726.707;248.764;us
3521;510570.438;177738.412;247.596;us
3522;510567.820;177738.903;247.441;us
3523;510570.646;177745.000;246.966;us
3524;510568.013;177748.981;246.611;us
3525;510569.444;177747.264;246.764;ut
3526;510568.468;177732.437;248.194;ut
3527;510570.305;177721.431;249.391;ut
3528;510574.330;177710.741;250.415;ut
3529;510584.211;177705.585;251.148;ut
3530;510594.930;177705.495;252.097;ut
3531;510589.567;177711.128;251.204;ut
3532;510609.999;177708.241;253.686;ut
3533;510590.287;177721.375;250.403;ut
3534;510594.391;177730.208;250.082;ut
3535;510597.091;177735.213;249.994;ut
3536;510647.749;177778.999;253.172;t
3537;510625.131;177743.498;252.292;t
3538;510642.900;177767.548;253.464;t
3539;510626.345;177753.074;251.907;t
3540;510640.988;177761.343;253.571;t
3541;510626.713;177765.185;251.449;t
3542;510637.695;177754.584;253.394;t
3543;510625.338;177780.683;250.624;t
3544;510634.113;177747.603;253.173;t
3545;510632.654;177783.679;251.310;t
3546;510630.013;177739.044;253.303;t
3547;510625.422;177732.177;253.530;t
3548;510612.100;177785.891;248.906;t
3549;510608.125;177737.526;250.997;t
3550;510610.307;177744.534;250.606;t
3551;510608.151;177775.672;248.643;t
3552;510610.907;177748.368;250.045;t
3553;510606.358;177766.064;248.682;t
3554;510611.259;177750.605;250.237;t
3555;510605.419;177757.669;248.991;t
3556;510614.233;177760.144;249.927;t
3557;510604.713;177757.004;248.747;t
3558;510616.131;177766.366;249.974;t
3559;510617.381;177773.104;249.853;t
3560;510607.701;177747.193;249.657;t
3561;510608.233;177746.786;250.099;t
3562;510618.698;177780.889;249.837;t
3563;510608.348;177751.345;249.339;t
3564;510616.130;177789.430;249.271;t
3565;510609.206;177751.581;250.009;t
3566;510605.759;177756.527;248.868;t
3567;510603.843;177786.992;247.950;t
3568;510606.155;177756.748;249.134;t
3569;510602.148;177781.773;247.748;t
3570;510602.205;177775.295;247.997;t
3571;510600.563;177769.727;248.051;t
3572;510594.295;177771.068;247.092;t
3573;510599.847;177767.718;248.030;t
3574;510595.192;177776.947;247.228;t
3575;510599.326;177767.006;247.787;t
3576;510596.620;177784.958;247.112;t
3577;510588.711;177772.954;246.314;t
3578;510597.291;177788.842;246.985;k
3579;510589.166;177774.921;246.309;t
3580;510590.038;177780.527;246.350;t
3581;510589.680;177784.981;246.311;t
3582;510588.954;177787.337;245.965;k
3583;510579.033;177785.280;244.884;k
3584;510581.989;177779.072;245.534;t
3585;510580.063;177782.883;245.263;t
3586;510581.811;177777.070;245.500;t
3587;510575.901;177784.805;244.600;k
3588;510572.133;177784.094;244.579;t
3589;510574.469;177778.540;244.894;t
3590;510573.053;177775.176;245.059;t
3591;510578.523;177772.263;245.668;t
3592;510572.091;177771.076;245.238;t
3593;510580.833;177765.505;246.216;t
3594;510570.181;177765.214;245.502;t
3595;510568.606;177761.339;245.482;t
3596;510577.585;177758.265;246.541;t
3597;510567.535;177760.366;245.548;t
3598;510575.845;177755.025;246.321;t
3599;510569.498;177758.928;245.557;t
3600;510574.517;177752.268;246.764;t
3601;510569.369;177757.218;245.895;t
3602;510571.485;177752.751;246.319;t
3603;510571.234;177742.429;247.225;t
3604;510570.858;177751.448;246.481;t
3605;510573.827;177745.091;247.179;t
3606;510571.932;177729.749;248.472;t
3607;510576.378;177747.521;247.239;t
3608;510579.516;177731.452;248.522;t
3609;510579.413;177751.448;247.128;t
3610;510586.392;177732.312;248.948;t
3611;510580.741;177751.976;247.002;t
3612;510587.204;177732.928;249.000;t
3613;510581.424;177753.568;247.324;t
3614;510590.797;177734.351;249.438;t
3615;510583.681;177757.822;247.014;t
3616;510586.261;177762.126;246.942;t
3617;510593.097;177737.226;249.555;t
3618;510593.881;177737.336;249.873;t
3619;510589.490;177729.275;249.883;t
3620;510583.729;177727.715;249.190;t
3621;510579.708;177724.060;249.212;t
3622;510588.707;177765.702;246.871;t
3623;510589.441;177766.843;246.990;t
3624;510594.850;177762.078;247.929;t
3625;510599.397;177753.046;249.013;t
3626;510593.948;177761.154;247.718;t
3627;510597.120;177752.629;248.563;t
3628;510591.112;177757.025;247.730;t
3629;510588.703;177747.165;248.251;t
3630;510589.259;177753.807;247.711;t
3631;510593.922;177749.493;248.597;t
3632;510583.638;177743.666;248.075;t
3633;510577.408;177740.788;247.740;t
3634;510585.509;177749.257;247.730;t
3635;510576.349;177740.093;247.466;t
3636;510575.572;177739.580;247.626;t
3637;510597.777;177740.133;249.783;us
3638;510600.576;177739.069;249.915;us
3639;510603.581;177746.494;249.536;us
3640;510603.254;177755.401;248.851;us
3641;510598.921;177763.463;247.920;us
3642;510594.248;177768.741;247.091;us
3643;510587.638;177772.104;246.393;us
3644;510579.574;177775.852;245.464;us
3645;510569.119;177782.261;244.632;us
3646;510569.506;177777.120;244.657;us
3647;510579.536;177772.972;245.694;us
3648;510589.373;177768.314;246.764;us
3649;510595.735;177763.622;247.685;us
3650;510600.699;177755.735;248.740;us
3651;510600.960;177745.784;249.668;us
3652;510600.221;177741.165;249.842;ut
3653;510602.461;177746.433;249.595;ut
3654;510602.873;177754.272;248.930;ut
3655;510599.307;177762.236;248.105;ut
3656;510593.675;177767.761;247.168;ut
3657;510585.285;177771.922;246.169;ut
3658;510577.075;177775.118;245.330;ut
3659;510568.428;177781.060;244.685;ut
3660;510565.503;177763.744;245.269;us
3661;510563.079;177762.049;245.346;us
3662;510567.994;177758.089;245.606;us
3663;510567.083;177752.271;246.283;us
3664;510570.618;177749.317;246.663;us
3665;510568.073;177742.810;247.149;us
3666;510570.526;177740.163;247.389;us
3667;510569.518;177740.034;247.425;ut
3668;510568.996;177749.226;246.620;ut
3669;510566.176;177758.589;245.579;ut
3670;510563.736;177764.221;245.267;ut
3671;510563.276;177759.450;245.490;t
3672;510561.221;177763.390;245.337;t
3673;510563.926;177770.582;244.948;us
3674;510560.640;177767.348;245.103;us
3675;510564.847;177775.651;244.766;us
3676;510560.983;177776.927;244.820;us
3677;510566.441;177780.716;244.702;us
3678;510564.434;177787.195;244.592;us
3679;510568.242;177786.478;244.580;us
3680;510566.802;177794.400;244.467;us
3681;510571.042;177793.529;244.463;us
3682;510573.009;177803.639;244.331;us
3683;510575.683;177802.288;244.424;us
3684;510577.616;177810.258;244.188;us
3685;510579.804;177808.722;244.375;us
3686;510561.014;177789.362;244.547;us
3687;510562.368;177786.487;244.591;us
3688;510554.784;177784.188;244.746;us
3689;510557.001;177781.255;244.751;us
3690;510549.605;177783.023;244.705;us
3691;510555.279;177780.744;244.785;us
3692;510558.079;177778.327;244.770;us
3693;510558.197;177772.263;244.976;us
3694;510554.412;177776.441;244.837;us
3695;510548.575;177779.997;244.739;us
3696;510537.589;177783.893;244.438;us
3697;510541.237;177781.258;244.516;us
3698;510530.921;177783.962;244.394;us
3699;510532.232;177781.178;244.503;us
3700;510562.339;177769.657;245.012;us
3701;510563.203;177776.783;244.779;us
3702;510565.821;177785.791;244.608;ut
3703;510569.433;177794.723;244.469;ut
3704;510574.790;177803.747;244.368;ut
3705;510576.100;177799.385;244.486;t
3706;510572.541;177791.038;244.483;t
3707;510571.780;177787.296;244.542;t
3708;510578.368;177797.972;244.535;k
3709;510574.978;177786.880;244.612;k
3710;510576.414;177792.999;244.481;k
3711;510574.404;177788.452;244.485;k
3712;510573.863;177783.372;244.648;t
3713;510575.963;177780.595;244.909;t
3714;510569.786;177774.989;244.598;t
3715;510567.841;177771.879;244.768;t
3716;510566.935;177769.204;245.013;t
3717;510560.034;177766.117;245.109;t
3718;510558.434;177770.029;245.048;t
3719;510552.509;177772.341;245.006;t
3720;510554.446;177775.169;244.856;t
3721;510547.436;177770.959;245.202;t
3722;510549.465;177777.949;244.769;t
3723;510543.767;177770.179;245.170;t
3724;510544.333;177777.114;244.684;t
3725;510539.526;177774.216;244.857;t
3726;510553.317;177784.555;244.713;t
3727;510561.524;177791.969;244.412;t
3728;510566.161;177796.051;244.386;t
3729;510570.005;177803.272;244.133;t
